year_month,category,island,value
2024-01,AVERAGE DAILY CENSUS,hawaii island,43370.73115227473
2024-01,AVERAGE DAILY CENSUS,kauai,28914.75713110618
2024-01,AVERAGE DAILY CENSUS,lanai,507.44538387986967
2024-01,AVERAGE DAILY CENSUS,maui,53377.4464381652
2024-01,AVERAGE DAILY CENSUS,molokai,1081.934503777003
2024-01,AVERAGE DAILY CENSUS,oahu,112697.06488392185
2024-01,AVERAGE LENGTH OF STAY,hawaii island,9.399849196969614
2024-01,AVERAGE LENGTH OF STAY,kauai,8.452385640299653
2024-01,AVERAGE LENGTH OF STAY,lanai,4.246088060551788
2024-01,AVERAGE LENGTH OF STAY,maui,9.455172050418755
2024-01,AVERAGE LENGTH OF STAY,molokai,8.835720874479618
2024-01,AVERAGE LENGTH OF STAY,oahu,7.754911344103848
2024-01,PER PERSON PER DAY SPENDING ($),hawaii island,222.67540194929163
2024-01,PER PERSON PER DAY SPENDING ($),kauai,275.8821567943029
2024-01,PER PERSON PER DAY SPENDING ($),lanai,681.0097872361395
2024-01,PER PERSON PER DAY SPENDING ($),maui,304.46601896522117
2024-01,PER PERSON PER DAY SPENDING ($),molokai,167.35915460979948
2024-01,PER PERSON PER DAY SPENDING ($),oahu,210.10252360685953
2024-01,PER PERSON PER TRIP SPENDING ($),hawaii island,2093.1151981979347
2024-01,PER PERSON PER TRIP SPENDING ($),kauai,2331.8623805030634
2024-01,PER PERSON PER TRIP SPENDING ($),lanai,2891.6275267022856
2024-01,PER PERSON PER TRIP SPENDING ($),maui,2878.778592822226
2024-01,PER PERSON PER TRIP SPENDING ($),molokai,1478.7387759210671
2024-01,PER PERSON PER TRIP SPENDING ($),oahu,1629.3264437436817
2024-01,TOTAL EXPENDITURES ($ MILLION),hawaii island,299.38544475719067
2024-01,TOTAL EXPENDITURES ($ MILLION),kauai,247.2890323759037
2024-01,TOTAL EXPENDITURES ($ MILLION),lanai,10.712833460209726
2024-01,TOTAL EXPENDITURES ($ MILLION),maui,503.80017720628206
2024-01,TOTAL EXPENDITURES ($ MILLION),molokai,5.613220960754056
2024-01,TOTAL EXPENDITURES ($ MILLION),oahu,734.0160697911372
2024-01,TOTAL VISITOR DAYS,hawaii island,1344492.6657205168
2024-01,TOTAL VISITOR DAYS,kauai,896357.4710642915
2024-01,TOTAL VISITOR DAYS,lanai,15730.80690027596
2024-01,TOTAL VISITOR DAYS,maui,1654700.8395831212
2024-01,TOTAL VISITOR DAYS,molokai,33539.969617087096
2024-01,TOTAL VISITOR DAYS,oahu,3493609.0114015774
2024-01,VISITOR ARRIVALS,hawaii island,143033.42931862816
2024-01,VISITOR ARRIVALS,kauai,106047.86733707455
2024-01,VISITOR ARRIVALS,lanai,3704.7764144184302
2024-01,VISITOR ARRIVALS,maui,175004.83658674802
2024-01,VISITOR ARRIVALS,molokai,3795.951693535412
2024-01,VISITOR ARRIVALS,oahu,450502.76610290457
2024-02,AVERAGE DAILY CENSUS,hawaii island,39635.959607712975
2024-02,AVERAGE DAILY CENSUS,kauai,28420.767804527564
2024-02,AVERAGE DAILY CENSUS,lanai,636.9397871410572
2024-02,AVERAGE DAILY CENSUS,maui,51975.81810535429
2024-02,AVERAGE DAILY CENSUS,molokai,830.9803068784403
2024-02,AVERAGE DAILY CENSUS,oahu,111355.2356154425
2024-02,AVERAGE LENGTH OF STAY,hawaii island,7.916932868106493
2024-02,AVERAGE LENGTH OF STAY,kauai,7.573616971242009
2024-02,AVERAGE LENGTH OF STAY,lanai,4.4267154468105
2024-02,AVERAGE LENGTH OF STAY,maui,8.313810229351635
2024-02,AVERAGE LENGTH OF STAY,molokai,6.747832197667884
2024-02,AVERAGE LENGTH OF STAY,oahu,7.117408243814195
2024-02,PER PERSON PER DAY SPENDING ($),hawaii island,237.33719952372655
2024-02,PER PERSON PER DAY SPENDING ($),kauai,283.9172656368906
2024-02,PER PERSON PER DAY SPENDING ($),lanai,600.2598166996027
2024-02,PER PERSON PER DAY SPENDING ($),maui,293.98162390137924
2024-02,PER PERSON PER DAY SPENDING ($),molokai,147.68820331721744
2024-02,PER PERSON PER DAY SPENDING ($),oahu,210.91649784818577
2024-02,PER PERSON PER TRIP SPENDING ($),hawaii island,1878.9826757337396
2024-02,PER PERSON PER TRIP SPENDING ($),kauai,2150.2806214561806
2024-02,PER PERSON PER TRIP SPENDING ($),lanai,2657.1794026837706
2024-02,PER PERSON PER TRIP SPENDING ($),maui,2444.107432032692
2024-02,PER PERSON PER TRIP SPENDING ($),molokai,996.5752135596407
2024-02,PER PERSON PER TRIP SPENDING ($),oahu,1501.1788205410962
2024-02,TOTAL EXPENDITURES ($ MILLION),hawaii island,272.80554195817405
2024-02,TOTAL EXPENDITURES ($ MILLION),kauai,234.00525378851077
2024-02,TOTAL EXPENDITURES ($ MILLION),lanai,11.087551436461272
2024-02,TOTAL EXPENDITURES ($ MILLION),maui,443.11812689622815
2024-02,TOTAL EXPENDITURES ($ MILLION),molokai,3.5590536669311383
2024-02,TOTAL EXPENDITURES ($ MILLION),oahu,681.1130330789922
2024-02,TOTAL VISITOR DAYS,hawaii island,1149442.8286236762
2024-02,TOTAL VISITOR DAYS,kauai,824202.2663312993
2024-02,TOTAL VISITOR DAYS,lanai,18471.25382709066
2024-02,TOTAL VISITOR DAYS,maui,1507298.7250552743
2024-02,TOTAL VISITOR DAYS,molokai,24098.42889947477
2024-02,TOTAL VISITOR DAYS,oahu,3229301.8328478327
2024-02,VISITOR ARRIVALS,hawaii island,145187.89634483668
2024-02,VISITOR ARRIVALS,kauai,108825.4488523648
2024-02,VISITOR ARRIVALS,lanai,4172.67702183103
2024-02,VISITOR ARRIVALS,maui,181300.59304623114
2024-02,VISITOR ARRIVALS,molokai,3571.2845538458146
2024-02,VISITOR ARRIVALS,oahu,453718.7867022309
2024-03,AVERAGE DAILY CENSUS,hawaii island,39129.53206567371
2024-03,AVERAGE DAILY CENSUS,kauai,28728.66055425755
2024-03,AVERAGE DAILY CENSUS,lanai,444.8173600529881
2024-03,AVERAGE DAILY CENSUS,maui,55128.4089131259
2024-03,AVERAGE DAILY CENSUS,molokai,456.71645556382657
2024-03,AVERAGE DAILY CENSUS,oahu,114715.92288650856
2024-03,AVERAGE LENGTH OF STAY,hawaii island,7.653876970963691
2024-03,AVERAGE LENGTH OF STAY,kauai,7.451561956606868
2024-03,AVERAGE LENGTH OF STAY,lanai,3.956268337511269
2024-03,AVERAGE LENGTH OF STAY,maui,8.080344782846309
2024-03,AVERAGE LENGTH OF STAY,molokai,5.144984004217134
2024-03,AVERAGE LENGTH OF STAY,oahu,6.888709675887399
2024-03,PER PERSON PER DAY SPENDING ($),hawaii island,238.6708156513325
2024-03,PER PERSON PER DAY SPENDING ($),kauai,274.4153935990393
2024-03,PER PERSON PER DAY SPENDING ($),lanai,645.2148482892846
2024-03,PER PERSON PER DAY SPENDING ($),maui,281.90745710213764
2024-03,PER PERSON PER DAY SPENDING ($),molokai,168.03770161983027
2024-03,PER PERSON PER DAY SPENDING ($),oahu,217.3429104082675
2024-03,PER PERSON PER TRIP SPENDING ($),hawaii island,1826.7570595548545
2024-03,PER PERSON PER TRIP SPENDING ($),kauai,2044.823307249901
2024-03,PER PERSON PER TRIP SPENDING ($),lanai,2552.643075179034
2024-03,PER PERSON PER TRIP SPENDING ($),maui,2277.9094502407274
2024-03,PER PERSON PER TRIP SPENDING ($),molokai,864.5512869394385
2024-03,PER PERSON PER TRIP SPENDING ($),oahu,1497.2122099149603
2024-03,TOTAL EXPENDITURES ($ MILLION),hawaii island,289.51139735924875
2024-03,TOTAL EXPENDITURES ($ MILLION),kauai,244.39118750066316
2024-03,TOTAL EXPENDITURES ($ MILLION),lanai,8.897085729973893
2024-03,TOTAL EXPENDITURES ($ MILLION),maui,481.77439669437035
2024-03,TOTAL EXPENDITURES ($ MILLION),molokai,2.379113088031924
2024-03,TOTAL EXPENDITURES ($ MILLION),oahu,772.9134690600488
2024-03,TOTAL VISITOR DAYS,hawaii island,1213015.494035885
2024-03,TOTAL VISITOR DAYS,kauai,890588.477181984
2024-03,TOTAL VISITOR DAYS,lanai,13789.33816164263
2024-03,TOTAL VISITOR DAYS,maui,1708980.676306903
2024-03,TOTAL VISITOR DAYS,molokai,14158.210122478624
2024-03,TOTAL VISITOR DAYS,oahu,3556193.6094817654
2024-03,VISITOR ARRIVALS,hawaii island,158483.79829433755
2024-03,VISITOR ARRIVALS,kauai,119517.01970247336
2024-03,VISITOR ARRIVALS,lanai,3485.440568047251
2024-03,VISITOR ARRIVALS,maui,211498.48456156012
2024-03,VISITOR ARRIVALS,molokai,2751.8472576151285
2024-03,VISITOR ARRIVALS,oahu,516235.08273683477
2024-04,AVERAGE DAILY CENSUS,hawaii island,33570.29888986472
2024-04,AVERAGE DAILY CENSUS,kauai,26195.249245335526
2024-04,AVERAGE DAILY CENSUS,lanai,368.4603065996324
2024-04,AVERAGE DAILY CENSUS,maui,45436.18202294113
2024-04,AVERAGE DAILY CENSUS,molokai,257.35858548500386
2024-04,AVERAGE DAILY CENSUS,oahu,101586.19922252117
2024-04,AVERAGE LENGTH OF STAY,hawaii island,7.41008479189038
2024-04,AVERAGE LENGTH OF STAY,kauai,7.155736815364367
2024-04,AVERAGE LENGTH OF STAY,lanai,3.8892034630103565
2024-04,AVERAGE LENGTH OF STAY,maui,7.6912239271058995
2024-04,AVERAGE LENGTH OF STAY,molokai,4.620145348055032
2024-04,AVERAGE LENGTH OF STAY,oahu,6.72120797110407
2024-04,PER PERSON PER DAY SPENDING ($),hawaii island,257.04629038682657
2024-04,PER PERSON PER DAY SPENDING ($),kauai,297.8158927020361
2024-04,PER PERSON PER DAY SPENDING ($),lanai,700.3673891067358
2024-04,PER PERSON PER DAY SPENDING ($),maui,290.5148084171977
2024-04,PER PERSON PER DAY SPENDING ($),molokai,180.514843328258
2024-04,PER PERSON PER DAY SPENDING ($),oahu,206.1801495520912
2024-04,PER PERSON PER TRIP SPENDING ($),hawaii island,1904.734807207262
2024-04,PER PERSON PER TRIP SPENDING ($),kauai,2131.0921476085637
2024-04,PER PERSON PER TRIP SPENDING ($),lanai,2723.8712750934383
2024-04,PER PERSON PER TRIP SPENDING ($),maui,2234.414445676937
2024-04,PER PERSON PER TRIP SPENDING ($),molokai,834.0048136579342
2024-04,PER PERSON PER TRIP SPENDING ($),oahu,1385.7796646529443
2024-04,TOTAL EXPENDITURES ($ MILLION),hawaii island,258.87362390450187
2024-04,TOTAL EXPENDITURES ($ MILLION),kauai,234.0408461565581
2024-04,TOTAL EXPENDITURES ($ MILLION),lanai,7.741727487679557
2024-04,TOTAL EXPENDITURES ($ MILLION),maui,395.9965114681099
2024-04,TOTAL EXPENDITURES ($ MILLION),molokai,1.3937113421402272
2024-04,TOTAL EXPENDITURES ($ MILLION),oahu,628.3517324438384
2024-04,TOTAL VISITOR DAYS,hawaii island,1007108.9666959416
2024-04,TOTAL VISITOR DAYS,kauai,785857.4773600658
2024-04,TOTAL VISITOR DAYS,lanai,11053.809197988972
2024-04,TOTAL VISITOR DAYS,maui,1363085.4606882338
2024-04,TOTAL VISITOR DAYS,molokai,7720.7575645501165
2024-04,TOTAL VISITOR DAYS,oahu,3047585.976675635
2024-04,VISITOR ARRIVALS,hawaii island,135910.58604324269
2024-04,VISITOR ARRIVALS,kauai,109822.02079773531
2024-04,VISITOR ARRIVALS,lanai,2842.178174302304
2024-04,VISITOR ARRIVALS,maui,177226.07917894077
2024-04,VISITOR ARRIVALS,molokai,1671.1070719453376
2024-04,VISITOR ARRIVALS,oahu,453428.31077060377
2024-05,AVERAGE DAILY CENSUS,hawaii island,31577.54040504539
2024-05,AVERAGE DAILY CENSUS,kauai,26549.010581748396
2024-05,AVERAGE DAILY CENSUS,lanai,458.21096485602885
2024-05,AVERAGE DAILY CENSUS,maui,43143.29286629396
2024-05,AVERAGE DAILY CENSUS,molokai,342.3444227627313
2024-05,AVERAGE DAILY CENSUS,oahu,106907.53739542565
2024-05,AVERAGE LENGTH OF STAY,hawaii island,7.340726648726037
2024-05,AVERAGE LENGTH OF STAY,kauai,7.148292778082575
2024-05,AVERAGE LENGTH OF STAY,lanai,4.104971356127206
2024-05,AVERAGE LENGTH OF STAY,maui,7.462045982771125
2024-05,AVERAGE LENGTH OF STAY,molokai,4.248123528621857
2024-05,AVERAGE LENGTH OF STAY,oahu,6.994246211856576
2024-05,PER PERSON PER DAY SPENDING ($),hawaii island,244.89965241029586
2024-05,PER PERSON PER DAY SPENDING ($),kauai,318.46111122417165
2024-05,PER PERSON PER DAY SPENDING ($),lanai,577.6620327405841
2024-05,PER PERSON PER DAY SPENDING ($),maui,285.63821352363146
2024-05,PER PERSON PER DAY SPENDING ($),molokai,240.26222905193845
2024-05,PER PERSON PER DAY SPENDING ($),oahu,218.87362872732197
2024-05,PER PERSON PER TRIP SPENDING ($),hawaii island,1797.7414047120023
2024-05,PER PERSON PER TRIP SPENDING ($),kauai,2276.4532614638983
2024-05,PER PERSON PER TRIP SPENDING ($),lanai,2371.2860979223137
2024-05,PER PERSON PER TRIP SPENDING ($),maui,2131.4454837499347
2024-05,PER PERSON PER TRIP SPENDING ($),molokai,1020.6636282746736
2024-05,PER PERSON PER TRIP SPENDING ($),oahu,1530.8560486013746
2024-05,TOTAL EXPENDITURES ($ MILLION),hawaii island,239.73318874419837
2024-05,TOTAL EXPENDITURES ($ MILLION),kauai,262.0996497647425
2024-05,TOTAL EXPENDITURES ($ MILLION),lanai,8.205423398865497
2024-05,TOTAL EXPENDITURES ($ MILLION),maui,382.0245660955062
2024-05,TOTAL EXPENDITURES ($ MILLION),molokai,2.549825457610663
2024-05,TOTAL EXPENDITURES ($ MILLION),oahu,725.3764600891992
2024-05,TOTAL VISITOR DAYS,hawaii island,978903.7525564071
2024-05,TOTAL VISITOR DAYS,kauai,823019.3280342002
2024-05,TOTAL VISITOR DAYS,lanai,14204.539910536894
2024-05,TOTAL VISITOR DAYS,maui,1337442.0788551127
2024-05,TOTAL VISITOR DAYS,molokai,10612.67710564467
2024-05,TOTAL VISITOR DAYS,oahu,3314133.659258195
2024-05,VISITOR ARRIVALS,hawaii island,133352.43217730947
2024-05,VISITOR ARRIVALS,kauai,115135.08939612335
2024-05,VISITOR ARRIVALS,lanai,3460.326194319179
2024-05,VISITOR ARRIVALS,maui,179232.62359185258
2024-05,VISITOR ARRIVALS,molokai,2498.203508947291
2024-05,VISITOR ARRIVALS,oahu,473837.14540104533
2024-06,AVERAGE DAILY CENSUS,hawaii island,40248.42526181945
2024-06,AVERAGE DAILY CENSUS,kauai,32683.459447370693
2024-06,AVERAGE DAILY CENSUS,lanai,609.793321309476
2024-06,AVERAGE DAILY CENSUS,maui,55977.962737063404
2024-06,AVERAGE DAILY CENSUS,molokai,429.6477714850119
2024-06,AVERAGE DAILY CENSUS,oahu,131015.34878186208
2024-06,AVERAGE LENGTH OF STAY,hawaii island,7.690828008859768
2024-06,AVERAGE LENGTH OF STAY,kauai,7.489180795348741
2024-06,AVERAGE LENGTH OF STAY,lanai,2.8709468388357746
2024-06,AVERAGE LENGTH OF STAY,maui,7.77238178830174
2024-06,AVERAGE LENGTH OF STAY,molokai,5.2010941123844265
2024-06,AVERAGE LENGTH OF STAY,oahu,7.375394719738187
2024-06,PER PERSON PER DAY SPENDING ($),hawaii island,234.60647538039484
2024-06,PER PERSON PER DAY SPENDING ($),kauai,271.1366939487944
2024-06,PER PERSON PER DAY SPENDING ($),lanai,621.9958678105106
2024-06,PER PERSON PER DAY SPENDING ($),maui,268.97348205275694
2024-06,PER PERSON PER DAY SPENDING ($),molokai,157.1108138495028
2024-06,PER PERSON PER DAY SPENDING ($),oahu,228.44444889334346
2024-06,PER PERSON PER TRIP SPENDING ($),hawaii island,1804.3180519154103
2024-06,PER PERSON PER TRIP SPENDING ($),kauai,2030.5917212356605
2024-06,PER PERSON PER TRIP SPENDING ($),lanai,1785.7170704594998
2024-06,PER PERSON PER TRIP SPENDING ($),maui,2090.5645934429526
2024-06,PER PERSON PER TRIP SPENDING ($),molokai,817.1481289045746
2024-06,PER PERSON PER TRIP SPENDING ($),oahu,1684.8679821214655
2024-06,TOTAL EXPENDITURES ($ MILLION),hawaii island,283.2762357086012
2024-06,TOTAL EXPENDITURES ($ MILLION),kauai,265.8505542410875
2024-06,TOTAL EXPENDITURES ($ MILLION),lanai,11.37866778218823
2024-06,TOTAL EXPENDITURES ($ MILLION),maui,451.6976266682226
2024-06,TOTAL EXPENDITURES ($ MILLION),molokai,2.0250693313990626
2024-06,TOTAL EXPENDITURES ($ MILLION),oahu,897.8918744712498
2024-06,TOTAL VISITOR DAYS,hawaii island,1207452.7578545834
2024-06,TOTAL VISITOR DAYS,kauai,980503.7834211208
2024-06,TOTAL VISITOR DAYS,lanai,18293.79963928428
2024-06,TOTAL VISITOR DAYS,maui,1679338.882111902
2024-06,TOTAL VISITOR DAYS,molokai,12889.433144550358
2024-06,TOTAL VISITOR DAYS,oahu,3930460.4634558624
2024-06,VISITOR ARRIVALS,hawaii island,156999.0586791966
2024-06,VISITOR ARRIVALS,kauai,130922.70172327476
2024-06,VISITOR ARRIVALS,lanai,6372.044021094718
2024-06,VISITOR ARRIVALS,maui,216064.89848960913
2024-06,VISITOR ARRIVALS,molokai,2478.215711163364
2024-06,VISITOR ARRIVALS,oahu,532915.2693261394
2024-07,AVERAGE DAILY CENSUS,hawaii island,39986.25943655566
2024-07,AVERAGE DAILY CENSUS,kauai,32878.73388760579
2024-07,AVERAGE DAILY CENSUS,lanai,482.13774212120234
2024-07,AVERAGE DAILY CENSUS,maui,58001.63974303883
2024-07,AVERAGE DAILY CENSUS,molokai,474.0478020117434
2024-07,AVERAGE DAILY CENSUS,oahu,128186.40884777311
2024-07,AVERAGE LENGTH OF STAY,hawaii island,7.348672600702568
2024-07,AVERAGE LENGTH OF STAY,kauai,7.508763222397355
2024-07,AVERAGE LENGTH OF STAY,lanai,3.7336445899019757
2024-07,AVERAGE LENGTH OF STAY,maui,7.610958288596408
2024-07,AVERAGE LENGTH OF STAY,molokai,4.549752488942054
2024-07,AVERAGE LENGTH OF STAY,oahu,7.1903101036017185
2024-07,PER PERSON PER DAY SPENDING ($),hawaii island,237.2280558827103
2024-07,PER PERSON PER DAY SPENDING ($),kauai,282.14115389105655
2024-07,PER PERSON PER DAY SPENDING ($),lanai,869.3267621906909
2024-07,PER PERSON PER DAY SPENDING ($),maui,282.89415931047716
2024-07,PER PERSON PER DAY SPENDING ($),molokai,183.54266997472988
2024-07,PER PERSON PER DAY SPENDING ($),oahu,234.56765152022444
2024-07,PER PERSON PER TRIP SPENDING ($),hawaii island,1743.3113143832106
2024-07,PER PERSON PER TRIP SPENDING ($),kauai,2118.5311198619174
2024-07,PER PERSON PER TRIP SPENDING ($),lanai,3245.7571625102746
2024-07,PER PERSON PER TRIP SPENDING ($),maui,2153.0956465995887
2024-07,PER PERSON PER TRIP SPENDING ($),molokai,835.0737195445972
2024-07,PER PERSON PER TRIP SPENDING ($),oahu,1686.614154703997
2024-07,TOTAL EXPENDITURES ($ MILLION),hawaii island,294.0617402328291
2024-07,TOTAL EXPENDITURES ($ MILLION),kauai,287.5697614433085
2024-07,TOTAL EXPENDITURES ($ MILLION),lanai,12.99319251093281
2024-07,TOTAL EXPENDITURES ($ MILLION),maui,508.65807852582
2024-07,TOTAL EXPENDITURES ($ MILLION),molokai,2.6972479775835128
2024-07,TOTAL EXPENDITURES ($ MILLION),oahu,932.1199312872373
2024-07,TOTAL VISITOR DAYS,hawaii island,1239574.0425332254
2024-07,TOTAL VISITOR DAYS,kauai,1019240.7505157795
2024-07,TOTAL VISITOR DAYS,lanai,14946.270005757273
2024-07,TOTAL VISITOR DAYS,maui,1798050.8320342037
2024-07,TOTAL VISITOR DAYS,molokai,14695.481862364046
2024-07,TOTAL VISITOR DAYS,oahu,3973778.6742809666
2024-07,VISITOR ARRIVALS,hawaii island,168679.99295746503
2024-07,VISITOR ARRIVALS,kauai,135740.16390283275
2024-07,VISITOR ARRIVALS,lanai,4003.1314298583725
2024-07,VISITOR ARRIVALS,maui,236244.9988365125
2024-07,VISITOR ARRIVALS,molokai,3229.951936524169
2024-07,VISITOR ARRIVALS,oahu,552657.4816697335
2024-08,AVERAGE DAILY CENSUS,hawaii island,33168.449827410084
2024-08,AVERAGE DAILY CENSUS,kauai,27418.724207843552
2024-08,AVERAGE DAILY CENSUS,lanai,454.07792307954384
2024-08,AVERAGE DAILY CENSUS,maui,47148.98191699581
2024-08,AVERAGE DAILY CENSUS,molokai,243.07819293666466
2024-08,AVERAGE DAILY CENSUS,oahu,115875.70552043257
2024-08,AVERAGE LENGTH OF STAY,hawaii island,7.037611259596047
2024-08,AVERAGE LENGTH OF STAY,kauai,7.0534969631705575
2024-08,AVERAGE LENGTH OF STAY,lanai,3.3574341604931903
2024-08,AVERAGE LENGTH OF STAY,maui,7.286288991751025
2024-08,AVERAGE LENGTH OF STAY,molokai,3.6969980036468755
2024-08,AVERAGE LENGTH OF STAY,oahu,6.929021680435568
2024-08,PER PERSON PER DAY SPENDING ($),hawaii island,207.6567288345036
2024-08,PER PERSON PER DAY SPENDING ($),kauai,240.78878950409032
2024-08,PER PERSON PER DAY SPENDING ($),lanai,518.3279122121435
2024-08,PER PERSON PER DAY SPENDING ($),maui,239.51250695719332
2024-08,PER PERSON PER DAY SPENDING ($),molokai,160.08136608662014
2024-08,PER PERSON PER DAY SPENDING ($),oahu,248.81359422794182
2024-08,PER PERSON PER TRIP SPENDING ($),hawaii island,1461.4073329765856
2024-08,PER PERSON PER TRIP SPENDING ($),kauai,1698.402995532616
2024-08,PER PERSON PER TRIP SPENDING ($),lanai,1740.251838798166
2024-08,PER PERSON PER TRIP SPENDING ($),maui,1745.1573428288884
2024-08,PER PERSON PER TRIP SPENDING ($),molokai,591.8204908432992
2024-08,PER PERSON PER TRIP SPENDING ($),oahu,1724.0347887925072
2024-08,TOTAL EXPENDITURES ($ MILLION),hawaii island,213.51720554181136
2024-08,TOTAL EXPENDITURES ($ MILLION),kauai,204.66576376434756
2024-08,TOTAL EXPENDITURES ($ MILLION),lanai,7.296199117394834
2024-08,TOTAL EXPENDITURES ($ MILLION),maui,350.07589664199025
2024-08,TOTAL EXPENDITURES ($ MILLION),molokai,1.2062809649262172
2024-08,TOTAL EXPENDITURES ($ MILLION),oahu,893.7749740013592
2024-08,TOTAL VISITOR DAYS,hawaii island,1028221.9446497126
2024-08,TOTAL VISITOR DAYS,kauai,849980.4504431501
2024-08,TOTAL VISITOR DAYS,lanai,14076.41561546586
2024-08,TOTAL VISITOR DAYS,maui,1461618.43942687
2024-08,TOTAL VISITOR DAYS,molokai,7535.423981036604
2024-08,TOTAL VISITOR DAYS,oahu,3592146.87113341
2024-08,VISITOR ARRIVALS,hawaii island,146103.82794981656
2024-08,VISITOR ARRIVALS,kauai,120504.82971514354
2024-08,VISITOR ARRIVALS,lanai,4192.61106624295
2024-08,VISITOR ARRIVALS,maui,200598.47215524965
2024-08,VISITOR ARRIVALS,molokai,2038.2548147451914
2024-08,VISITOR ARRIVALS,oahu,518420.4981312171
2024-09,AVERAGE DAILY CENSUS,hawaii island,28408.06706867988
2024-09,AVERAGE DAILY CENSUS,kauai,23977.23730930232
2024-09,AVERAGE DAILY CENSUS,lanai,347.69361559149013
2024-09,AVERAGE DAILY CENSUS,maui,41243.252762273434
2024-09,AVERAGE DAILY CENSUS,molokai,247.88120354860501
2024-09,AVERAGE DAILY CENSUS,oahu,97991.24230749947
2024-09,AVERAGE LENGTH OF STAY,hawaii island,7.265382820357187
2024-09,AVERAGE LENGTH OF STAY,kauai,7.204126668657761
2024-09,AVERAGE LENGTH OF STAY,lanai,3.3667285977582453
2024-09,AVERAGE LENGTH OF STAY,maui,7.484174423406188
2024-09,AVERAGE LENGTH OF STAY,molokai,4.2838827382885345
2024-09,AVERAGE LENGTH OF STAY,oahu,6.775325689558409
2024-09,PER PERSON PER DAY SPENDING ($),hawaii island,256.77088071197966
2024-09,PER PERSON PER DAY SPENDING ($),kauai,295.94210143072604
2024-09,PER PERSON PER DAY SPENDING ($),lanai,479.3543079101645
2024-09,PER PERSON PER DAY SPENDING ($),maui,294.28126991924603
2024-09,PER PERSON PER DAY SPENDING ($),molokai,148.8116642440893
2024-09,PER PERSON PER DAY SPENDING ($),oahu,206.67659045659056
2024-09,PER PERSON PER TRIP SPENDING ($),hawaii island,1865.5387454928018
2024-09,PER PERSON PER TRIP SPENDING ($),kauai,2132.0043852957137
2024-09,PER PERSON PER TRIP SPENDING ($),lanai,1613.8558568997623
2024-09,PER PERSON PER TRIP SPENDING ($),maui,2202.452353617114
2024-09,PER PERSON PER TRIP SPENDING ($),molokai,637.4917197112431
2024-09,PER PERSON PER TRIP SPENDING ($),oahu,1400.3012127508803
2024-09,TOTAL EXPENDITURES ($ MILLION),hawaii island,218.83093201649757
2024-09,TOTAL EXPENDITURES ($ MILLION),kauai,212.8762198745441
2024-09,TOTAL EXPENDITURES ($ MILLION),lanai,5.000052973999246
2024-09,TOTAL EXPENDITURES ($ MILLION),maui,364.11350395446834
2024-09,TOTAL EXPENDITURES ($ MILLION),molokai,1.106628433046873
2024-09,TOTAL EXPENDITURES ($ MILLION),oahu,607.5748756415879
2024-09,TOTAL VISITOR DAYS,hawaii island,852242.0120603964
2024-09,TOTAL VISITOR DAYS,kauai,719317.1192790696
2024-09,TOTAL VISITOR DAYS,lanai,10430.808467744704
2024-09,TOTAL VISITOR DAYS,maui,1237297.582868203
2024-09,TOTAL VISITOR DAYS,molokai,7436.436106458151
2024-09,TOTAL VISITOR DAYS,oahu,2939737.269224984
2024-09,VISITOR ARRIVALS,hawaii island,117301.7352468287
2024-09,VISITOR ARRIVALS,kauai,99847.92777291483
2024-09,VISITOR ARRIVALS,lanai,3098.2029483131237
2024-09,VISITOR ARRIVALS,maui,165321.85286845383
2024-09,VISITOR ARRIVALS,molokai,1735.9102853102609
2024-09,VISITOR ARRIVALS,oahu,433888.7020229112
2024-10,AVERAGE DAILY CENSUS,hawaii island,34085.02446662539
2024-10,AVERAGE DAILY CENSUS,kauai,24899.578403346506
2024-10,AVERAGE DAILY CENSUS,lanai,415.3555188681428
2024-10,AVERAGE DAILY CENSUS,maui,45737.16940978057
2024-10,AVERAGE DAILY CENSUS,molokai,370.4263384392146
2024-10,AVERAGE DAILY CENSUS,oahu,97736.16018340367
2024-10,AVERAGE LENGTH OF STAY,hawaii island,7.9061003102292915
2024-10,AVERAGE LENGTH OF STAY,kauai,7.198703648246457
2024-10,AVERAGE LENGTH OF STAY,lanai,3.7429584784257983
2024-10,AVERAGE LENGTH OF STAY,maui,7.812426633990803
2024-10,AVERAGE LENGTH OF STAY,molokai,6.138799775585611
2024-10,AVERAGE LENGTH OF STAY,oahu,6.728739700550989
2024-10,PER PERSON PER DAY SPENDING ($),hawaii island,252.04774319898752
2024-10,PER PERSON PER DAY SPENDING ($),kauai,271.2440144652159
2024-10,PER PERSON PER DAY SPENDING ($),lanai,577.6864572774952
2024-10,PER PERSON PER DAY SPENDING ($),maui,276.91318980904646
2024-10,PER PERSON PER DAY SPENDING ($),molokai,208.93665583946148
2024-10,PER PERSON PER DAY SPENDING ($),oahu,230.29229425535664
2024-10,PER PERSON PER TRIP SPENDING ($),hawaii island,1992.714740698108
2024-10,PER PERSON PER TRIP SPENDING ($),kauai,1952.6052764957644
2024-10,PER PERSON PER TRIP SPENDING ($),lanai,2162.256423138563
2024-10,PER PERSON PER TRIP SPENDING ($),maui,2163.3639793675457
2024-10,PER PERSON PER TRIP SPENDING ($),molokai,1282.620295978894
2024-10,PER PERSON PER TRIP SPENDING ($),oahu,1549.5769030869888
2024-10,TOTAL EXPENDITURES ($ MILLION),hawaii island,266.3226583045513
2024-10,TOTAL EXPENDITURES ($ MILLION),kauai,209.36970974306803
2024-10,TOTAL EXPENDITURES ($ MILLION),lanai,7.438303004373389
2024-10,TOTAL EXPENDITURES ($ MILLION),maui,392.6219896970715
2024-10,TOTAL EXPENDITURES ($ MILLION),molokai,2.3992648520387276
2024-10,TOTAL EXPENDITURES ($ MILLION),oahu,697.7444213706972
2024-10,TOTAL VISITOR DAYS,hawaii island,1056635.7584653872
2024-10,TOTAL VISITOR DAYS,kauai,771886.9305037417
2024-10,TOTAL VISITOR DAYS,lanai,12876.021084912427
2024-10,TOTAL VISITOR DAYS,maui,1417852.2517031976
2024-10,TOTAL VISITOR DAYS,molokai,11483.216491615653
2024-10,TOTAL VISITOR DAYS,oahu,3029820.965685514
2024-10,VISITOR ARRIVALS,hawaii island,133648.15990233026
2024-10,VISITOR ARRIVALS,kauai,107225.82401232295
2024-10,VISITOR ARRIVALS,lanai,3440.065167468217
2024-10,VISITOR ARRIVALS,maui,181486.79253310562
2024-10,VISITOR ARRIVALS,molokai,1870.596356194108
2024-10,VISITOR ARRIVALS,oahu,450280.6023893916
2024-11,AVERAGE DAILY CENSUS,hawaii island,34787.268991844605
2024-11,AVERAGE DAILY CENSUS,kauai,25857.745588757385
2024-11,AVERAGE DAILY CENSUS,lanai,479.0500262460174
2024-11,AVERAGE DAILY CENSUS,maui,52472.810004086576
2024-11,AVERAGE DAILY CENSUS,molokai,392.93540654511514
2024-11,AVERAGE DAILY CENSUS,oahu,100676.8152671461
2024-11,AVERAGE LENGTH OF STAY,hawaii island,7.82065407126574
2024-11,AVERAGE LENGTH OF STAY,kauai,7.395386265790611
2024-11,AVERAGE LENGTH OF STAY,lanai,4.432480800146093
2024-11,AVERAGE LENGTH OF STAY,maui,7.958333342891519
2024-11,AVERAGE LENGTH OF STAY,molokai,6.843730904894921
2024-11,AVERAGE LENGTH OF STAY,oahu,6.801026044633466
2024-11,PER PERSON PER DAY SPENDING ($),hawaii island,243.65786784596244
2024-11,PER PERSON PER DAY SPENDING ($),kauai,270.1654189914898
2024-11,PER PERSON PER DAY SPENDING ($),lanai,690.7085925793347
2024-11,PER PERSON PER DAY SPENDING ($),maui,282.8509181511755
2024-11,PER PERSON PER DAY SPENDING ($),molokai,207.27963957432883
2024-11,PER PERSON PER DAY SPENDING ($),oahu,197.98509452764773
2024-11,PER PERSON PER TRIP SPENDING ($),hawaii island,1905.5638961654558
2024-11,PER PERSON PER TRIP SPENDING ($),kauai,1997.9776291012297
2024-11,PER PERSON PER TRIP SPENDING ($),lanai,3061.5525751038313
2024-11,PER PERSON PER TRIP SPENDING ($),maui,2251.0218929899797
2024-11,PER PERSON PER TRIP SPENDING ($),molokai,1418.5660753103143
2024-11,PER PERSON PER TRIP SPENDING ($),oahu,1346.501784331751
2024-11,TOTAL EXPENDITURES ($ MILLION),hawaii island,254.2857537221046
2024-11,TOTAL EXPENDITURES ($ MILLION),kauai,209.57606013485957
2024-11,TOTAL EXPENDITURES ($ MILLION),lanai,9.9265190821044
2024-11,TOTAL EXPENDITURES ($ MILLION),maui,445.25947462884227
2024-11,TOTAL EXPENDITURES ($ MILLION),molokai,2.443425283339915
2024-11,TOTAL EXPENDITURES ($ MILLION),oahu,597.9752636222535
2024-11,TOTAL VISITOR DAYS,hawaii island,1043618.0697553381
2024-11,TOTAL VISITOR DAYS,kauai,775732.3676627215
2024-11,TOTAL VISITOR DAYS,lanai,14371.500787380523
2024-11,TOTAL VISITOR DAYS,maui,1574184.3001225973
2024-11,TOTAL VISITOR DAYS,molokai,11788.062196353454
2024-11,TOTAL VISITOR DAYS,oahu,3020304.458014383
2024-11,VISITOR ARRIVALS,hawaii island,133443.83477972104
2024-11,VISITOR ARRIVALS,kauai,104894.09745250015
2024-11,VISITOR ARRIVALS,lanai,3242.3154065115955
2024-11,VISITOR ARRIVALS,maui,197803.26260506266
2024-11,VISITOR ARRIVALS,molokai,1722.4613825657789
2024-11,VISITOR ARRIVALS,oahu,444095.41122072836
2024-12,AVERAGE DAILY CENSUS,hawaii island,45037.664966409335
2024-12,AVERAGE DAILY CENSUS,kauai,30512.29052381516
2024-12,AVERAGE DAILY CENSUS,lanai,578.1017228014626
2024-12,AVERAGE DAILY CENSUS,maui,62560.64075167748
2024-12,AVERAGE DAILY CENSUS,molokai,482.2435814042927
2024-12,AVERAGE DAILY CENSUS,oahu,125354.53263084874
2024-12,AVERAGE LENGTH OF STAY,hawaii island,8.295292874299248
2024-12,AVERAGE LENGTH OF STAY,kauai,7.642378805877231
2024-12,AVERAGE LENGTH OF STAY,lanai,4.479489150297454
2024-12,AVERAGE LENGTH OF STAY,maui,8.458178567893233
2024-12,AVERAGE LENGTH OF STAY,molokai,6.591653389035878
2024-12,AVERAGE LENGTH OF STAY,oahu,7.285052584746334
2024-12,PER PERSON PER DAY SPENDING ($),hawaii island,243.6257682338407
2024-12,PER PERSON PER DAY SPENDING ($),kauai,270.47087881597207
2024-12,PER PERSON PER DAY SPENDING ($),lanai,935.9674921740489
2024-12,PER PERSON PER DAY SPENDING ($),maui,299.6009101077354
2024-12,PER PERSON PER DAY SPENDING ($),molokai,177.71911651026147
2024-12,PER PERSON PER DAY SPENDING ($),oahu,214.55415176984638
2024-12,PER PERSON PER TRIP SPENDING ($),hawaii island,2020.947099225859
2024-12,PER PERSON PER TRIP SPENDING ($),kauai,2067.0409118701737
2024-12,PER PERSON PER TRIP SPENDING ($),lanai,4192.656226224768
2024-12,PER PERSON PER TRIP SPENDING ($),maui,2534.0779967945546
2024-12,PER PERSON PER TRIP SPENDING ($),molokai,1171.4628166413272
2024-12,PER PERSON PER TRIP SPENDING ($),oahu,1563.0382779189767
2024-12,TOTAL EXPENDITURES ($ MILLION),hawaii island,340.142407533894
2024-12,TOTAL EXPENDITURES ($ MILLION),kauai,255.83326701260083
2024-12,TOTAL EXPENDITURES ($ MILLION),lanai,16.773617011071444
2024-12,TOTAL EXPENDITURES ($ MILLION),maui,581.0399720898952
2024-12,TOTAL EXPENDITURES ($ MILLION),molokai,2.6568210001273727
2024-12,TOTAL EXPENDITURES ($ MILLION),oahu,833.7553979926357
2024-12,TOTAL VISITOR DAYS,hawaii island,1396167.6139586894
2024-12,TOTAL VISITOR DAYS,kauai,945881.00623827
2024-12,TOTAL VISITOR DAYS,lanai,17921.15340684534
2024-12,TOTAL VISITOR DAYS,maui,1939379.8633020017
2024-12,TOTAL VISITOR DAYS,molokai,14949.551023533073
2024-12,TOTAL VISITOR DAYS,oahu,3885990.511556311
2024-12,VISITOR ARRIVALS,hawaii island,168308.41720903455
2024-12,VISITOR ARRIVALS,kauai,123767.87781192652
2024-12,VISITOR ARRIVALS,lanai,4000.7136540681904
2024-12,VISITOR ARRIVALS,maui,229290.48467524414
2024-12,VISITOR ARRIVALS,molokai,2267.9516262792536
2024-12,VISITOR ARRIVALS,oahu,533419.6927683016
2025-01,AVERAGE DAILY CENSUS,hawaii island,45096.62111144153
2025-01,AVERAGE DAILY CENSUS,kauai,28612.065659963315
2025-01,AVERAGE DAILY CENSUS,lanai,442.59676108726575
2025-01,AVERAGE DAILY CENSUS,maui,57777.672217559404
2025-01,AVERAGE DAILY CENSUS,molokai,620.0487320894849
2025-01,AVERAGE DAILY CENSUS,oahu,111967.86513511246
2025-01,AVERAGE LENGTH OF STAY,hawaii island,8.840207175956275
2025-01,AVERAGE LENGTH OF STAY,kauai,7.969750852924237
2025-01,AVERAGE LENGTH OF STAY,lanai,3.8942611836204892
2025-01,AVERAGE LENGTH OF STAY,maui,8.834603022527219
2025-01,AVERAGE LENGTH OF STAY,molokai,6.761317249870437
2025-01,AVERAGE LENGTH OF STAY,oahu,7.6017256477404604
2025-01,PER PERSON PER DAY SPENDING ($),hawaii island,218.4390661356541
2025-01,PER PERSON PER DAY SPENDING ($),kauai,292.5945714925145
2025-01,PER PERSON PER DAY SPENDING ($),lanai,749.582879591343
2025-01,PER PERSON PER DAY SPENDING ($),maui,296.50883719873366
2025-01,PER PERSON PER DAY SPENDING ($),molokai,212.96527461110324
2025-01,PER PERSON PER DAY SPENDING ($),oahu,223.5119190683413
2025-01,PER PERSON PER TRIP SPENDING ($),hawaii island,1931.046599961597
2025-01,PER PERSON PER TRIP SPENDING ($),kauai,2331.9058357134695
2025-01,PER PERSON PER TRIP SPENDING ($),lanai,2919.0715118990383
2025-01,PER PERSON PER TRIP SPENDING ($),maui,2619.537869321963
2025-01,PER PERSON PER TRIP SPENDING ($),molokai,1439.925784851447
2025-01,PER PERSON PER TRIP SPENDING ($),oahu,1699.0762877575003
2025-01,TOTAL EXPENDITURES ($ MILLION),hawaii island,305.376777845158
2025-01,TOTAL EXPENDITURES ($ MILLION),kauai,259.5237878300723
2025-01,TOTAL EXPENDITURES ($ MILLION),lanai,10.284651594881426
2025-01,TOTAL EXPENDITURES ($ MILLION),maui,531.0793025636217
2025-01,TOTAL EXPENDITURES ($ MILLION),molokai,4.093514303552809
2025-01,TOTAL EXPENDITURES ($ MILLION),oahu,775.8107247203606
2025-01,TOTAL VISITOR DAYS,hawaii island,1397995.2544546872
2025-01,TOTAL VISITOR DAYS,kauai,886974.0354588628
2025-01,TOTAL VISITOR DAYS,lanai,13720.499593705239
2025-01,TOTAL VISITOR DAYS,maui,1791107.8387443416
2025-01,TOTAL VISITOR DAYS,molokai,19221.51069477403
2025-01,TOTAL VISITOR DAYS,oahu,3471003.8191884863
2025-01,VISITOR ARRIVALS,hawaii island,158140.55334098675
2025-01,VISITOR ARRIVALS,kauai,111292.56758803406
2025-01,VISITOR ARRIVALS,lanai,3523.2612674811166
2025-01,VISITOR ARRIVALS,maui,202737.78393632665
2025-01,VISITOR ARRIVALS,molokai,2842.8647827673462
2025-01,VISITOR ARRIVALS,oahu,456607.3520714614
2025-02,AVERAGE DAILY CENSUS,hawaii island,39704.288421279765
2025-02,AVERAGE DAILY CENSUS,kauai,28430.69927286214
2025-02,AVERAGE DAILY CENSUS,lanai,504.2839177030338
2025-02,AVERAGE DAILY CENSUS,maui,58884.98986348009
2025-02,AVERAGE DAILY CENSUS,molokai,506.3565342623714
2025-02,AVERAGE DAILY CENSUS,oahu,109211.45324463143
2025-02,AVERAGE LENGTH OF STAY,hawaii island,7.871431671454311
2025-02,AVERAGE LENGTH OF STAY,kauai,7.508890887607138
2025-02,AVERAGE LENGTH OF STAY,lanai,3.352147472792598
2025-02,AVERAGE LENGTH OF STAY,maui,8.250297222553206
2025-02,AVERAGE LENGTH OF STAY,molokai,6.088475687874538
2025-02,AVERAGE LENGTH OF STAY,oahu,7.0876428134245515
2025-02,PER PERSON PER DAY SPENDING ($),hawaii island,242.9694459225653
2025-02,PER PERSON PER DAY SPENDING ($),kauai,286.9600356182453
2025-02,PER PERSON PER DAY SPENDING ($),lanai,508.46000604525585
2025-02,PER PERSON PER DAY SPENDING ($),maui,323.7185112377405
2025-02,PER PERSON PER DAY SPENDING ($),molokai,186.4636188082529
2025-02,PER PERSON PER DAY SPENDING ($),oahu,220.65652028304092
2025-02,PER PERSON PER TRIP SPENDING ($),hawaii island,1912.5173918305863
2025-02,PER PERSON PER TRIP SPENDING ($),kauai,2154.7515965612615
2025-02,PER PERSON PER TRIP SPENDING ($),lanai,1704.4329242807132
2025-02,PER PERSON PER TRIP SPENDING ($),maui,2670.773934153789
2025-02,PER PERSON PER TRIP SPENDING ($),molokai,1135.2792097871531
2025-02,PER PERSON PER TRIP SPENDING ($),oahu,1563.9346002193638
2025-02,TOTAL EXPENDITURES ($ MILLION),hawaii island,270.114010837106
2025-02,TOTAL EXPENDITURES ($ MILLION),kauai,228.4372853277799
2025-02,TOTAL EXPENDITURES ($ MILLION),lanai,7.179429707626676
2025-02,TOTAL EXPENDITURES ($ MILLION),maui,533.740515079946
2025-02,TOTAL EXPENDITURES ($ MILLION),molokai,2.643678010001472
2025-02,TOTAL EXPENDITURES ($ MILLION),oahu,674.7501389444029
2025-02,TOTAL VISITOR DAYS,hawaii island,1111720.0757958335
2025-02,TOTAL VISITOR DAYS,kauai,796059.57964014
2025-02,TOTAL VISITOR DAYS,lanai,14119.949695684947
2025-02,TOTAL VISITOR DAYS,maui,1648779.7161774426
2025-02,TOTAL VISITOR DAYS,molokai,14177.982959346398
2025-02,TOTAL VISITOR DAYS,oahu,3057920.69084968
2025-02,VISITOR ARRIVALS,hawaii island,141234.79974138353
2025-02,VISITOR ARRIVALS,kauai,106015.60091304252
2025-02,VISITOR ARRIVALS,lanai,4212.210175801704
2025-02,VISITOR ARRIVALS,maui,199844.88700241002
2025-02,VISITOR ARRIVALS,molokai,2328.65887722644
2025-02,VISITOR ARRIVALS,oahu,431443.961179553
2025-03,AVERAGE DAILY CENSUS,hawaii island,38019.95198134956
2025-03,AVERAGE DAILY CENSUS,kauai,28979.93434983629
2025-03,AVERAGE DAILY CENSUS,lanai,464.34539793650134
2025-03,AVERAGE DAILY CENSUS,maui,59089.26039255724
2025-03,AVERAGE DAILY CENSUS,molokai,428.5805520189876
2025-03,AVERAGE DAILY CENSUS,oahu,116928.6611131171
2025-03,AVERAGE LENGTH OF STAY,hawaii island,7.470677128718275
2025-03,AVERAGE LENGTH OF STAY,kauai,7.271092299330395
2025-03,AVERAGE LENGTH OF STAY,lanai,3.6869728943181084
2025-03,AVERAGE LENGTH OF STAY,maui,7.782507404901245
2025-03,AVERAGE LENGTH OF STAY,molokai,6.110214054719551
2025-03,AVERAGE LENGTH OF STAY,oahu,6.890887563513221
2025-03,PER PERSON PER DAY SPENDING ($),hawaii island,231.86400980091344
2025-03,PER PERSON PER DAY SPENDING ($),kauai,257.8495814149673
2025-03,PER PERSON PER DAY SPENDING ($),lanai,568.6714291981536
2025-03,PER PERSON PER DAY SPENDING ($),maui,292.62506791911716
2025-03,PER PERSON PER DAY SPENDING ($),molokai,190.53306555858916
2025-03,PER PERSON PER DAY SPENDING ($),oahu,257.71720517240647
2025-03,PER PERSON PER TRIP SPENDING ($),hawaii island,1732.1811549925942
2025-03,PER PERSON PER TRIP SPENDING ($),kauai,1874.8481058119341
2025-03,PER PERSON PER TRIP SPENDING ($),lanai,2096.6761452267315
2025-03,PER PERSON PER TRIP SPENDING ($),maui,2277.356757940259
2025-03,PER PERSON PER TRIP SPENDING ($),molokai,1164.1978150648931
2025-03,PER PERSON PER TRIP SPENDING ($),oahu,1775.9002840259213
2025-03,TOTAL EXPENDITURES ($ MILLION),hawaii island,273.27921408385066
2025-03,TOTAL EXPENDITURES ($ MILLION),kauai,231.64638218769412
2025-03,TOTAL EXPENDITURES ($ MILLION),lanai,8.185858793670203
2025-03,TOTAL EXPENDITURES ($ MILLION),maui,536.0209639055363
2025-03,TOTAL EXPENDITURES ($ MILLION),molokai,2.531421758864073
2025-03,TOTAL EXPENDITURES ($ MILLION),oahu,934.1703601453437
2025-03,TOTAL VISITOR DAYS,hawaii island,1178618.5114218362
2025-03,TOTAL VISITOR DAYS,kauai,898377.964844925
2025-03,TOTAL VISITOR DAYS,lanai,14394.70733603154
2025-03,TOTAL VISITOR DAYS,maui,1831767.0721692746
2025-03,TOTAL VISITOR DAYS,molokai,13285.997112588615
2025-03,TOTAL VISITOR DAYS,oahu,3624788.49450663
2025-03,VISITOR ARRIVALS,hawaii island,157765.95496157504
2025-03,VISITOR ARRIVALS,kauai,123554.74636563999
2025-03,VISITOR ARRIVALS,lanai,3904.2075297637325
2025-03,VISITOR ARRIVALS,maui,235369.78211105455
2025-03,VISITOR ARRIVALS,molokai,2174.3914359802934
2025-03,VISITOR ARRIVALS,oahu,526026.3588829453
2025-04,AVERAGE DAILY CENSUS,hawaii island,34728.37105750125
2025-04,AVERAGE DAILY CENSUS,kauai,28295.405542974473
2025-04,AVERAGE DAILY CENSUS,lanai,417.1127028342672
2025-04,AVERAGE DAILY CENSUS,maui,51803.967988161676
2025-04,AVERAGE DAILY CENSUS,molokai,388.49201116845796
2025-04,AVERAGE DAILY CENSUS,oahu,113245.84374329122
2025-04,AVERAGE LENGTH OF STAY,hawaii island,7.578335214888005
2025-04,AVERAGE LENGTH OF STAY,kauai,7.114903278362169
2025-04,AVERAGE LENGTH OF STAY,lanai,3.3891386789343745
2025-04,AVERAGE LENGTH OF STAY,maui,7.488921262850064
2025-04,AVERAGE LENGTH OF STAY,molokai,4.818130936214961
2025-04,AVERAGE LENGTH OF STAY,oahu,6.963199732751378
2025-04,PER PERSON PER DAY SPENDING ($),hawaii island,237.27379088449632
2025-04,PER PERSON PER DAY SPENDING ($),kauai,262.3212681656552
2025-04,PER PERSON PER DAY SPENDING ($),lanai,575.3239932497603
2025-04,PER PERSON PER DAY SPENDING ($),maui,284.37998017529185
2025-04,PER PERSON PER DAY SPENDING ($),molokai,180.51243016130633
2025-04,PER PERSON PER DAY SPENDING ($),oahu,223.3545181203706
2025-04,PER PERSON PER TRIP SPENDING ($),hawaii island,1798.140325029951
2025-04,PER PERSON PER TRIP SPENDING ($),kauai,1866.3904508559422
2025-04,PER PERSON PER TRIP SPENDING ($),lanai,1949.8527984417417
2025-04,PER PERSON PER TRIP SPENDING ($),maui,2129.699280263623
2025-04,PER PERSON PER TRIP SPENDING ($),molokai,869.7325241315326
2025-04,PER PERSON PER TRIP SPENDING ($),oahu,1555.2621208845776
2025-04,TOTAL EXPENDITURES ($ MILLION),hawaii island,247.20396756170237
2025-04,TOTAL EXPENDITURES ($ MILLION),kauai,222.67459995883723
2025-04,TOTAL EXPENDITURES ($ MILLION),lanai,7.199248374894338
2025-04,TOTAL EXPENDITURES ($ MILLION),maui,441.96034168424615
2025-04,TOTAL EXPENDITURES ($ MILLION),molokai,2.1038291110281513
2025-04,TOTAL EXPENDITURES ($ MILLION),oahu,758.819125752528
2025-04,TOTAL VISITOR DAYS,hawaii island,1041851.1317250375
2025-04,TOTAL VISITOR DAYS,kauai,848862.1662892342
2025-04,TOTAL VISITOR DAYS,lanai,12513.381085028017
2025-04,TOTAL VISITOR DAYS,maui,1554119.0396448502
2025-04,TOTAL VISITOR DAYS,molokai,11654.76033505374
2025-04,TOTAL VISITOR DAYS,oahu,3397375.3122987365
2025-04,VISITOR ARRIVALS,hawaii island,137477.57286828256
2025-04,VISITOR ARRIVALS,kauai,119307.6185407597
2025-04,VISITOR ARRIVALS,lanai,3692.200960322615
2025-04,VISITOR ARRIVALS,maui,207522.4167937637
2025-04,VISITOR ARRIVALS,molokai,2418.9380673430837
2025-04,VISITOR ARRIVALS,oahu,487904.33172829973
2025-05,AVERAGE DAILY CENSUS,hawaii island,30626.88084879941
2025-05,AVERAGE DAILY CENSUS,kauai,26960.860705828025
2025-05,AVERAGE DAILY CENSUS,lanai,399.35492340578685
2025-05,AVERAGE DAILY CENSUS,maui,46889.921963281005
2025-05,AVERAGE DAILY CENSUS,molokai,344.63979759285996
2025-05,AVERAGE DAILY CENSUS,oahu,104703.54122006817
2025-05,AVERAGE LENGTH OF STAY,hawaii island,7.369354383106532
2025-05,AVERAGE LENGTH OF STAY,kauai,7.348502555013871
2025-05,AVERAGE LENGTH OF STAY,lanai,3.5614722246640587
2025-05,AVERAGE LENGTH OF STAY,maui,7.42445629288252
2025-05,AVERAGE LENGTH OF STAY,molokai,4.441348850864474
2025-05,AVERAGE LENGTH OF STAY,oahu,6.959502004157529
2025-05,PER PERSON PER DAY SPENDING ($),hawaii island,239.93867079137738
2025-05,PER PERSON PER DAY SPENDING ($),kauai,287.05431198819673
2025-05,PER PERSON PER DAY SPENDING ($),lanai,636.9592862095437
2025-05,PER PERSON PER DAY SPENDING ($),maui,284.8714044065387
2025-05,PER PERSON PER DAY SPENDING ($),molokai,260.67520218445804
2025-05,PER PERSON PER DAY SPENDING ($),oahu,242.50551949758682
2025-05,PER PERSON PER TRIP SPENDING ($),hawaii island,1768.193095273192
2025-05,PER PERSON PER TRIP SPENDING ($),kauai,2109.419345073012
2025-05,PER PERSON PER TRIP SPENDING ($),lanai,2268.512806077135
2025-05,PER PERSON PER TRIP SPENDING ($),maui,2115.0152911084074
2025-05,PER PERSON PER TRIP SPENDING ($),molokai,1157.7495096708071
2025-05,PER PERSON PER TRIP SPENDING ($),oahu,1687.7176489627182
2025-05,TOTAL EXPENDITURES ($ MILLION),hawaii island,227.80576552175148
2025-05,TOTAL EXPENDITURES ($ MILLION),kauai,239.9161709361532
2025-05,TOTAL EXPENDITURES ($ MILLION),lanai,7.885557635661328
2025-05,TOTAL EXPENDITURES ($ MILLION),maui,414.0855355879788
2025-05,TOTAL EXPENDITURES ($ MILLION),molokai,2.7850105164682137
2025-05,TOTAL EXPENDITURES ($ MILLION),oahu,787.1267863610985
2025-05,TOTAL VISITOR DAYS,hawaii island,949433.3063127818
2025-05,TOTAL VISITOR DAYS,kauai,835786.6818806687
2025-05,TOTAL VISITOR DAYS,lanai,12380.002625579393
2025-05,TOTAL VISITOR DAYS,maui,1453587.5808617112
2025-05,TOTAL VISITOR DAYS,molokai,10683.83372537866
2025-05,TOTAL VISITOR DAYS,oahu,3245809.7778221136
2025-05,VISITOR ARRIVALS,hawaii island,128835.34390600858
2025-05,VISITOR ARRIVALS,kauai,113735.64554460322
2025-05,VISITOR ARRIVALS,lanai,3476.0913028732534
2025-05,VISITOR ARRIVALS,maui,195783.70772486032
2025-05,VISITOR ARRIVALS,molokai,2405.53806605377
2025-05,VISITOR ARRIVALS,oahu,466385.34996945225
2025-06,AVERAGE DAILY CENSUS,hawaii island,38281.72893152158
2025-06,AVERAGE DAILY CENSUS,kauai,33607.43798800212
2025-06,AVERAGE DAILY CENSUS,lanai,540.3967057008541
2025-06,AVERAGE DAILY CENSUS,maui,57741.98831291194
2025-06,AVERAGE DAILY CENSUS,molokai,360.85326531553176
2025-06,AVERAGE DAILY CENSUS,oahu,123068.12523022134
2025-06,AVERAGE LENGTH OF STAY,hawaii island,7.437134273733152
2025-06,AVERAGE LENGTH OF STAY,kauai,7.442066120150974
2025-06,AVERAGE LENGTH OF STAY,lanai,4.072756335120258
2025-06,AVERAGE LENGTH OF STAY,maui,7.627077670712054
2025-06,AVERAGE LENGTH OF STAY,molokai,5.057232154010506
2025-06,AVERAGE LENGTH OF STAY,oahu,7.208449436033018
2025-06,PER PERSON PER DAY SPENDING ($),hawaii island,224.95217543969017
2025-06,PER PERSON PER DAY SPENDING ($),kauai,263.0646354681259
2025-06,PER PERSON PER DAY SPENDING ($),lanai,562.8357063378114
2025-06,PER PERSON PER DAY SPENDING ($),maui,294.7844038096002
2025-06,PER PERSON PER DAY SPENDING ($),molokai,153.56011467057866
2025-06,PER PERSON PER DAY SPENDING ($),oahu,249.05406669094813
2025-06,PER PERSON PER TRIP SPENDING ($),hawaii island,1672.9995339133527
2025-06,PER PERSON PER TRIP SPENDING ($),kauai,1957.744411027206
2025-06,PER PERSON PER TRIP SPENDING ($),lanai,2292.2926886192063
2025-06,PER PERSON PER TRIP SPENDING ($),maui,2248.343543970366
2025-06,PER PERSON PER TRIP SPENDING ($),molokai,776.5891494855907
2025-06,PER PERSON PER TRIP SPENDING ($),oahu,1795.293646580095
2025-06,TOTAL EXPENDITURES ($ MILLION),hawaii island,258.3467460821492
2025-06,TOTAL EXPENDITURES ($ MILLION),kauai,265.22785269994273
2025-06,TOTAL EXPENDITURES ($ MILLION),lanai,9.124636846672999
2025-06,TOTAL EXPENDITURES ($ MILLION),maui,510.64312798807936
2025-06,TOTAL EXPENDITURES ($ MILLION),molokai,1.662380064033174
2025-06,TOTAL EXPENDITURES ($ MILLION),oahu,919.5185120585252
2025-06,TOTAL VISITOR DAYS,hawaii island,1148451.8679456476
2025-06,TOTAL VISITOR DAYS,kauai,1008223.1396400636
2025-06,TOTAL VISITOR DAYS,lanai,16211.901171025624
2025-06,TOTAL VISITOR DAYS,maui,1732259.6493873582
2025-06,TOTAL VISITOR DAYS,molokai,10825.597959465953
2025-06,TOTAL VISITOR DAYS,oahu,3692043.7569066403
2025-06,VISITOR ARRIVALS,hawaii island,154421.28993176957
2025-06,VISITOR ARRIVALS,kauai,135476.24051741295
2025-06,VISITOR ARRIVALS,lanai,3980.5723291685526
2025-06,VISITOR ARRIVALS,maui,227119.70746531506
2025-06,VISITOR ARRIVALS,molokai,2140.617165632983
2025-06,VISITOR ARRIVALS,oahu,512182.79182914825
2025-07,AVERAGE DAILY CENSUS,hawaii island,38531.139076206935
2025-07,AVERAGE DAILY CENSUS,kauai,33638.81732524751
2025-07,AVERAGE DAILY CENSUS,lanai,519.5682503578722
2025-07,AVERAGE DAILY CENSUS,maui,57389.68765231781
2025-07,AVERAGE DAILY CENSUS,molokai,361.33197094867023
2025-07,AVERAGE DAILY CENSUS,oahu,118164.3056238778
2025-07,AVERAGE LENGTH OF STAY,hawaii island,7.454661981343383
2025-07,AVERAGE LENGTH OF STAY,kauai,7.277628527003589
2025-07,AVERAGE LENGTH OF STAY,lanai,4.009571237609859
2025-07,AVERAGE LENGTH OF STAY,maui,7.553544557495694
2025-07,AVERAGE LENGTH OF STAY,molokai,4.44376019993358
2025-07,AVERAGE LENGTH OF STAY,oahu,7.071502485617187
2025-07,PER PERSON PER DAY SPENDING ($),hawaii island,238.34413151466492
2025-07,PER PERSON PER DAY SPENDING ($),kauai,270.9909852022706
2025-07,PER PERSON PER DAY SPENDING ($),lanai,697.1353652851949
2025-07,PER PERSON PER DAY SPENDING ($),maui,286.9642345631252
2025-07,PER PERSON PER DAY SPENDING ($),molokai,165.55999625692078
2025-07,PER PERSON PER DAY SPENDING ($),oahu,234.0907700516824
2025-07,PER PERSON PER TRIP SPENDING ($),hawaii island,1776.77493567868
2025-07,PER PERSON PER TRIP SPENDING ($),kauai,1972.171724468852
2025-07,PER PERSON PER TRIP SPENDING ($),lanai,2795.21390936816
2025-07,PER PERSON PER TRIP SPENDING ($),maui,2167.597132180212
2025-07,PER PERSON PER TRIP SPENDING ($),molokai,735.7089220676571
2025-07,PER PERSON PER TRIP SPENDING ($),oahu,1655.3734622805134
2025-07,TOTAL EXPENDITURES ($ MILLION),hawaii island,284.69379726106865
2025-07,TOTAL EXPENDITURES ($ MILLION),kauai,282.590303688249
2025-07,TOTAL EXPENDITURES ($ MILLION),lanai,11.22849146211857
2025-07,TOTAL EXPENDITURES ($ MILLION),maui,510.5324214578908
2025-07,TOTAL EXPENDITURES ($ MILLION),molokai,1.8544857124907974
2025-07,TOTAL EXPENDITURES ($ MILLION),oahu,857.4963721795928
2025-07,TOTAL VISITOR DAYS,hawaii island,1194465.311362415
2025-07,TOTAL VISITOR DAYS,kauai,1042803.3370826727
2025-07,TOTAL VISITOR DAYS,lanai,16106.615761094039
2025-07,TOTAL VISITOR DAYS,maui,1779080.317221852
2025-07,TOTAL VISITOR DAYS,molokai,11201.291099408778
2025-07,TOTAL VISITOR DAYS,oahu,3663093.4743402116
2025-07,VISITOR ARRIVALS,hawaii island,160230.64685585702
2025-07,VISITOR ARRIVALS,kauai,143288.8932450122
2025-07,VISITOR ARRIVALS,lanai,4017.0419245862645
2025-07,VISITOR ARRIVALS,maui,235529.20138087982
2025-07,VISITOR ARRIVALS,molokai,2520.6785684736547
2025-07,VISITOR ARRIVALS,oahu,518007.8041110246
2025-08,AVERAGE DAILY CENSUS,hawaii island,32095.368452227493
2025-08,AVERAGE DAILY CENSUS,kauai,28279.30620937737
2025-08,AVERAGE DAILY CENSUS,lanai,473.97306099606936
2025-08,AVERAGE DAILY CENSUS,maui,48583.783236537834
2025-08,AVERAGE DAILY CENSUS,molokai,292.53976752686185
2025-08,AVERAGE DAILY CENSUS,oahu,111348.48010809833
2025-08,AVERAGE LENGTH OF STAY,hawaii island,7.101419761378954
2025-08,AVERAGE LENGTH OF STAY,kauai,7.051431074301498
2025-08,AVERAGE LENGTH OF STAY,lanai,3.542282468782803
2025-08,AVERAGE LENGTH OF STAY,maui,7.340316793339427
2025-08,AVERAGE LENGTH OF STAY,molokai,3.9372868593811114
2025-08,AVERAGE LENGTH OF STAY,oahu,6.948990244856812
2025-08,PER PERSON PER DAY SPENDING ($),hawaii island,236.5921906123625
2025-08,PER PERSON PER DAY SPENDING ($),kauai,267.36413331330823
2025-08,PER PERSON PER DAY SPENDING ($),lanai,567.7867789218105
2025-08,PER PERSON PER DAY SPENDING ($),maui,285.983891539078
2025-08,PER PERSON PER DAY SPENDING ($),molokai,181.19326299376695
2025-08,PER PERSON PER DAY SPENDING ($),oahu,234.51979632428123
2025-08,PER PERSON PER TRIP SPENDING ($),hawaii island,1680.1404578025672
2025-08,PER PERSON PER TRIP SPENDING ($),kauai,1885.29975779915
2025-08,PER PERSON PER TRIP SPENDING ($),lanai,2011.2611529813864
2025-08,PER PERSON PER TRIP SPENDING ($),maui,2099.2123616888553
2025-08,PER PERSON PER TRIP SPENDING ($),molokai,713.4098533937444
2025-08,PER PERSON PER TRIP SPENDING ($),oahu,1629.6757768832367
2025-08,TOTAL EXPENDITURES ($ MILLION),hawaii island,235.3989194493258
2025-08,TOTAL EXPENDITURES ($ MILLION),kauai,234.38703805652693
2025-08,TOTAL EXPENDITURES ($ MILLION),lanai,8.34258476555874
2025-08,TOTAL EXPENDITURES ($ MILLION),maui,430.71956126595944
2025-08,TOTAL EXPENDITURES ($ MILLION),molokai,1.6431932860425338
2025-08,TOTAL EXPENDITURES ($ MILLION),oahu,809.5161091550546
2025-08,TOTAL VISITOR DAYS,hawaii island,994956.4220190523
2025-08,TOTAL VISITOR DAYS,kauai,876658.4924906985
2025-08,TOTAL VISITOR DAYS,lanai,14693.16489087815
2025-08,TOTAL VISITOR DAYS,maui,1506097.2803326729
2025-08,TOTAL VISITOR DAYS,molokai,9068.732793332718
2025-08,TOTAL VISITOR DAYS,oahu,3451802.8833510485
2025-08,VISITOR ARRIVALS,hawaii island,140106.69069727708
2025-08,VISITOR ARRIVALS,kauai,124323.48600635491
2025-08,VISITOR ARRIVALS,lanai,4147.9371056275495
2025-08,VISITOR ARRIVALS,maui,205181.50956363347
2025-08,VISITOR ARRIVALS,molokai,2303.2949127710244
2025-08,VISITOR ARRIVALS,oahu,496734.455183017
2025-09,AVERAGE DAILY CENSUS,hawaii island,28187.084694266672
2025-09,AVERAGE DAILY CENSUS,kauai,23609.67295540166
2025-09,AVERAGE DAILY CENSUS,lanai,278.50286293094035
2025-09,AVERAGE DAILY CENSUS,maui,43996.02872272565
2025-09,AVERAGE DAILY CENSUS,molokai,369.1390752882448
2025-09,AVERAGE DAILY CENSUS,oahu,90607.5050971212
2025-09,AVERAGE LENGTH OF STAY,hawaii island,6.574651168015669
2025-09,AVERAGE LENGTH OF STAY,kauai,6.936901404336203
2025-09,AVERAGE LENGTH OF STAY,lanai,2.381465876661873
2025-09,AVERAGE LENGTH OF STAY,maui,7.165429569620358
2025-09,AVERAGE LENGTH OF STAY,molokai,3.2075799490056864
2025-09,AVERAGE LENGTH OF STAY,oahu,6.603343618366631
2025-09,PER PERSON PER DAY SPENDING ($),hawaii island,270.6214902283694
2025-09,PER PERSON PER DAY SPENDING ($),kauai,298.12295211246226
2025-09,PER PERSON PER DAY SPENDING ($),lanai,540.3125429024344
2025-09,PER PERSON PER DAY SPENDING ($),maui,330.6699843771482
2025-09,PER PERSON PER DAY SPENDING ($),molokai,181.91461556386017
2025-09,PER PERSON PER DAY SPENDING ($),oahu,237.5482628398099
2025-09,PER PERSON PER TRIP SPENDING ($),hawaii island,1779.2418968200902
2025-09,PER PERSON PER TRIP SPENDING ($),kauai,2068.0495251737943
2025-09,PER PERSON PER TRIP SPENDING ($),lanai,1286.7358836545518
2025-09,PER PERSON PER TRIP SPENDING ($),maui,2369.3924838419193
2025-09,PER PERSON PER TRIP SPENDING ($),molokai,583.5056733137158
2025-09,PER PERSON PER TRIP SPENDING ($),oahu,1568.6128054773378
2025-09,TOTAL EXPENDITURES ($ MILLION),hawaii island,228.8409259546713
2025-09,TOTAL EXPENDITURES ($ MILLION),kauai,211.15756199622314
2025-09,TOTAL EXPENDITURES ($ MILLION),lanai,4.5143577022747365
2025-09,TOTAL EXPENDITURES ($ MILLION),maui,436.44498391200756
2025-09,TOTAL EXPENDITURES ($ MILLION),molokai,2.014553789119797
2025-09,TOTAL EXPENDITURES ($ MILLION),oahu,645.7096630821109
2025-09,TOTAL VISITOR DAYS,hawaii island,845612.5408280002
2025-09,TOTAL VISITOR DAYS,kauai,708290.1886620498
2025-09,TOTAL VISITOR DAYS,lanai,8355.085887928211
2025-09,TOTAL VISITOR DAYS,maui,1319880.8616817694
2025-09,TOTAL VISITOR DAYS,molokai,11074.172258647344
2025-09,TOTAL VISITOR DAYS,oahu,2718225.152913636
2025-09,VISITOR ARRIVALS,hawaii island,128617.09605853035
2025-09,VISITOR ARRIVALS,kauai,102104.69305781153
2025-09,VISITOR ARRIVALS,lanai,3508.3794270609615
2025-09,VISITOR ARRIVALS,maui,184201.2190417357
2025-09,VISITOR ARRIVALS,molokai,3452.500774635473
2025-09,VISITOR ARRIVALS,oahu,411643.7535301248
2025-10,AVERAGE DAILY CENSUS,hawaii island,32530.368574072894
2025-10,AVERAGE DAILY CENSUS,kauai,25827.47132543325
2025-10,AVERAGE DAILY CENSUS,lanai,266.4434847816685
2025-10,AVERAGE DAILY CENSUS,maui,42298.84486649809
2025-10,AVERAGE DAILY CENSUS,molokai,562.5383596434084
2025-10,AVERAGE DAILY CENSUS,oahu,93944.28641866577
2025-10,AVERAGE LENGTH OF STAY,hawaii island,6.907020512771153
2025-10,AVERAGE LENGTH OF STAY,kauai,6.799482264665011
2025-10,AVERAGE LENGTH OF STAY,lanai,3.5391318296383645
2025-10,AVERAGE LENGTH OF STAY,maui,7.306766629261029
2025-10,AVERAGE LENGTH OF STAY,molokai,5.666251483358372
2025-10,AVERAGE LENGTH OF STAY,oahu,6.43775203681803
2025-10,PER PERSON PER DAY SPENDING ($),hawaii island,276.74170352593626
2025-10,PER PERSON PER DAY SPENDING ($),kauai,303.8766399547795
2025-10,PER PERSON PER DAY SPENDING ($),lanai,658.3278342598719
2025-10,PER PERSON PER DAY SPENDING ($),maui,333.2773253321588
2025-10,PER PERSON PER DAY SPENDING ($),molokai,212.2614132047885
2025-10,PER PERSON PER DAY SPENDING ($),oahu,248.60527049028127
2025-10,PER PERSON PER TRIP SPENDING ($),hawaii island,1911.4606229928743
2025-10,PER PERSON PER TRIP SPENDING ($),kauai,2066.2038240185184
2025-10,PER PERSON PER TRIP SPENDING ($),lanai,2329.9089925660023
2025-10,PER PERSON PER TRIP SPENDING ($),maui,2435.179639026389
2025-10,PER PERSON PER TRIP SPENDING ($),molokai,1202.726547431377
2025-10,PER PERSON PER TRIP SPENDING ($),oahu,1600.4590864625054
2025-10,TOTAL EXPENDITURES ($ MILLION),hawaii island,279.0777980809809
2025-10,TOTAL EXPENDITURES ($ MILLION),kauai,243.29932135193323
2025-10,TOTAL EXPENDITURES ($ MILLION),lanai,5.437622030958037
2025-10,TOTAL EXPENDITURES ($ MILLION),maui,437.0146223341383
2025-10,TOTAL EXPENDITURES ($ MILLION),molokai,3.7015608031942167
2025-10,TOTAL EXPENDITURES ($ MILLION),oahu,724.0063868199946
2025-10,TOTAL VISITOR DAYS,hawaii island,1008441.4257962598
2025-10,TOTAL VISITOR DAYS,kauai,800651.6110884307
2025-10,TOTAL VISITOR DAYS,lanai,8259.748028231723
2025-10,TOTAL VISITOR DAYS,maui,1311264.1908614407
2025-10,TOTAL VISITOR DAYS,molokai,17438.68914894566
2025-10,TOTAL VISITOR DAYS,oahu,2912272.878978639
2025-10,VISITOR ARRIVALS,hawaii island,146002.3788740226
2025-10,VISITOR ARRIVALS,kauai,117751.84932082125
2025-10,VISITOR ARRIVALS,lanai,2333.8345181325785
2025-10,VISITOR ARRIVALS,maui,179458.8848110037
2025-10,VISITOR ARRIVALS,molokai,3077.6412236842334
2025-10,VISITOR ARRIVALS,oahu,452374.192470153
2025-11,AVERAGE DAILY CENSUS,hawaii island,31224.95009749347
2025-11,AVERAGE DAILY CENSUS,kauai,27183.278153830433
2025-11,AVERAGE DAILY CENSUS,lanai,546.7368992881388
2025-11,AVERAGE DAILY CENSUS,maui,54479.23283420174
2025-11,AVERAGE DAILY CENSUS,molokai,441.9769495949539
2025-11,AVERAGE DAILY CENSUS,oahu,102194.83481769926
2025-11,AVERAGE LENGTH OF STAY,hawaii island,7.532777932459493
2025-11,AVERAGE LENGTH OF STAY,kauai,7.852039936453499
2025-11,AVERAGE LENGTH OF STAY,lanai,4.49969258907077
2025-11,AVERAGE LENGTH OF STAY,maui,8.138400808349951
2025-11,AVERAGE LENGTH OF STAY,molokai,5.50944604762002
2025-11,AVERAGE LENGTH OF STAY,oahu,7.197381228303907
2025-11,PER PERSON PER DAY SPENDING ($),hawaii island,271.69525451774354
2025-11,PER PERSON PER DAY SPENDING ($),kauai,290.5297880159438
2025-11,PER PERSON PER DAY SPENDING ($),lanai,575.521571532489
2025-11,PER PERSON PER DAY SPENDING ($),maui,319.78374479860645
2025-11,PER PERSON PER DAY SPENDING ($),molokai,166.87654816103358
2025-11,PER PERSON PER DAY SPENDING ($),oahu,240.01949452038903
2025-11,PER PERSON PER TRIP SPENDING ($),hawaii island,2046.6200175852239
2025-11,PER PERSON PER TRIP SPENDING ($),kauai,2281.2514982305597
2025-11,PER PERSON PER TRIP SPENDING ($),lanai,2589.6701502751043
2025-11,PER PERSON PER TRIP SPENDING ($),maui,2602.528287166153
2025-11,PER PERSON PER TRIP SPENDING ($),molokai,919.3973387062784
2025-11,PER PERSON PER TRIP SPENDING ($),oahu,1727.5118042880404
2025-11,TOTAL EXPENDITURES ($ MILLION),hawaii island,254.51012292126987
2025-11,TOTAL EXPENDITURES ($ MILLION),kauai,236.92656118832375
2025-11,TOTAL EXPENDITURES ($ MILLION),lanai,9.439766384793296
2025-11,TOTAL EXPENDITURES ($ MILLION),maui,522.6471926842869
2025-11,TOTAL EXPENDITURES ($ MILLION),molokai,2.212667631454471
2025-11,TOTAL EXPENDITURES ($ MILLION),oahu,735.8625778661649
2025-11,TOTAL VISITOR DAYS,hawaii island,936748.5029248041
2025-11,TOTAL VISITOR DAYS,kauai,815498.344614913
2025-11,TOTAL VISITOR DAYS,lanai,16402.106978644166
2025-11,TOTAL VISITOR DAYS,maui,1634376.9850260522
2025-11,TOTAL VISITOR DAYS,molokai,13259.308487848617
2025-11,TOTAL VISITOR DAYS,oahu,3065845.044530978
2025-11,VISITOR ARRIVALS,hawaii island,124356.31467220893
2025-11,VISITOR ARRIVALS,kauai,103858.1503933672
2025-11,VISITOR ARRIVALS,lanai,3645.161675818249
2025-11,VISITOR ARRIVALS,maui,200822.86723322733
2025-11,VISITOR ARRIVALS,molokai,2406.650028558932
2025-11,VISITOR ARRIVALS,oahu,425966.7436364847
2025-12,AVERAGE DAILY CENSUS,hawaii island,43431.09286376276
2025-12,AVERAGE DAILY CENSUS,kauai,29364.554650767044
2025-12,AVERAGE DAILY CENSUS,lanai,386.724132249366
2025-12,AVERAGE DAILY CENSUS,maui,65128.12062123664
2025-12,AVERAGE DAILY CENSUS,molokai,281.4762595104478
2025-12,AVERAGE DAILY CENSUS,oahu,108322.05532277076
2025-12,AVERAGE LENGTH OF STAY,hawaii island,8.095266727588625
2025-12,AVERAGE LENGTH OF STAY,kauai,7.405598768508176
2025-12,AVERAGE LENGTH OF STAY,lanai,3.5258005295509376
2025-12,AVERAGE LENGTH OF STAY,maui,8.285112812563694
2025-12,AVERAGE LENGTH OF STAY,molokai,3.950983855209591
2025-12,AVERAGE LENGTH OF STAY,oahu,6.8207234961095216
2025-12,PER PERSON PER DAY SPENDING ($),hawaii island,267.1039657266541
2025-12,PER PERSON PER DAY SPENDING ($),kauai,299.9682282942938
2025-12,PER PERSON PER DAY SPENDING ($),lanai,908.3815307658568
2025-12,PER PERSON PER DAY SPENDING ($),maui,326.3615887070498
2025-12,PER PERSON PER DAY SPENDING ($),molokai,171.96460532840828
2025-12,PER PERSON PER DAY SPENDING ($),oahu,239.04607921739228
2025-12,PER PERSON PER TRIP SPENDING ($),hawaii island,2162.2778465539554
2025-12,PER PERSON PER TRIP SPENDING ($),kauai,2221.4443420478015
2025-12,PER PERSON PER TRIP SPENDING ($),lanai,3202.7720822085494
2025-12,PER PERSON PER TRIP SPENDING ($),maui,2703.9425801254206
2025-12,PER PERSON PER TRIP SPENDING ($),molokai,679.4293793200303
2025-12,PER PERSON PER TRIP SPENDING ($),oahu,1630.4672091709256
2025-12,TOTAL EXPENDITURES ($ MILLION),hawaii island,359.61913133236226
2025-12,TOTAL EXPENDITURES ($ MILLION),kauai,273.06143643048824
2025-12,TOTAL EXPENDITURES ($ MILLION),lanai,10.890084836340078
2025-12,TOTAL EXPENDITURES ($ MILLION),maui,658.9148243789859
2025-12,TOTAL EXPENDITURES ($ MILLION),molokai,1.5005225701569542
2025-12,TOTAL EXPENDITURES ($ MILLION),oahu,802.712841148012
2025-12,TOTAL VISITOR DAYS,hawaii island,1346363.8787766455
2025-12,TOTAL VISITOR DAYS,kauai,910301.1941737784
2025-12,TOTAL VISITOR DAYS,lanai,11988.448099730345
2025-12,TOTAL VISITOR DAYS,maui,2018971.7392583357
2025-12,TOTAL VISITOR DAYS,molokai,8725.764044823882
2025-12,TOTAL VISITOR DAYS,oahu,3357983.7150058933
2025-12,VISITOR ARRIVALS,hawaii island,166314.9497209579
2025-12,VISITOR ARRIVALS,kauai,122920.67429372149
2025-12,VISITOR ARRIVALS,lanai,3400.205995560744
2025-12,VISITOR ARRIVALS,maui,243686.69261771918
2025-12,VISITOR ARRIVALS,molokai,2208.504100394761
2025-12,VISITOR ARRIVALS,oahu,492320.7511521698
2026-01,AVERAGE DAILY CENSUS,hawaii island,41285.69141672195
2026-01,AVERAGE DAILY CENSUS,kauai,29919.235932301894
2026-01,AVERAGE DAILY CENSUS,lanai,393.47827814665726
2026-01,AVERAGE DAILY CENSUS,maui,65090.43987674792
2026-01,AVERAGE DAILY CENSUS,molokai,985.248187178649
2026-01,AVERAGE DAILY CENSUS,oahu,123616.28472461311
2026-01,AVERAGE LENGTH OF STAY,hawaii island,8.258094901004432
2026-01,AVERAGE LENGTH OF STAY,kauai,7.646768822446522
2026-01,AVERAGE LENGTH OF STAY,lanai,3.7142154545912
2026-01,AVERAGE LENGTH OF STAY,maui,8.543501398742292
2026-01,AVERAGE LENGTH OF STAY,molokai,9.26981372359924
2026-01,AVERAGE LENGTH OF STAY,oahu,7.268216346983537
2026-01,PER PERSON PER DAY SPENDING ($),hawaii island,272.19623272437343
2026-01,PER PERSON PER DAY SPENDING ($),kauai,308.7187375716299
2026-01,PER PERSON PER DAY SPENDING ($),lanai,711.5125012192915
2026-01,PER PERSON PER DAY SPENDING ($),maui,329.4128463572369
2026-01,PER PERSON PER DAY SPENDING ($),molokai,171.32619227620077
2026-01,PER PERSON PER DAY SPENDING ($),oahu,244.50652383045738
2026-01,PER PERSON PER TRIP SPENDING ($),hawaii island,2247.822321533764
2026-01,PER PERSON PER TRIP SPENDING ($),kauai,2360.700817367789
2026-01,PER PERSON PER TRIP SPENDING ($),lanai,2642.7107281635326
2026-01,PER PERSON PER TRIP SPENDING ($),maui,2814.339113616733
2026-01,PER PERSON PER TRIP SPENDING ($),molokai,1588.161888373928
2026-01,PER PERSON PER TRIP SPENDING ($),oahu,1777.12631344865
2026-01,TOTAL EXPENDITURES ($ MILLION),hawaii island,348.3720997406341
2026-01,TOTAL EXPENDITURES ($ MILLION),kauai,286.33549112996764
2026-01,TOTAL EXPENDITURES ($ MILLION),lanai,8.678906129647235
2026-01,TOTAL EXPENDITURES ($ MILLION),maui,664.690439183768
2026-01,TOTAL EXPENDITURES ($ MILLION),molokai,5.232763431046771
2026-01,TOTAL EXPENDITURES ($ MILLION),oahu,936.9746300723878
2026-01,TOTAL VISITOR DAYS,hawaii island,1279856.4339183804
2026-01,TOTAL VISITOR DAYS,kauai,927496.3139013587
2026-01,TOTAL VISITOR DAYS,lanai,12197.826622546376
2026-01,TOTAL VISITOR DAYS,maui,2017803.6361791855
2026-01,TOTAL VISITOR DAYS,molokai,30542.69380253812
2026-01,TOTAL VISITOR DAYS,oahu,3832104.8264630064
2026-01,VISITOR ARRIVALS,hawaii island,154982.04480100021
2026-01,VISITOR ARRIVALS,kauai,121292.57931516932
2026-01,VISITOR ARRIVALS,lanai,3284.092366658065
2026-01,VISITOR ARRIVALS,maui,236179.93864625937
2026-01,VISITOR ARRIVALS,molokai,3294.855184067188
2026-01,VISITOR ARRIVALS,oahu,527241.4363468158
2026-02,AVERAGE DAILY CENSUS,hawaii island,40424.47584887998
2026-02,AVERAGE DAILY CENSUS,kauai,28440.433577450425
2026-02,AVERAGE DAILY CENSUS,maui,63300.25066395408
2026-02,AVERAGE DAILY CENSUS,oahu,107606.20218984806
2026-02,AVERAGE LENGTH OF STAY,hawaii island,7.439209626409096
2026-02,AVERAGE LENGTH OF STAY,kauai,7.046193541458314
2026-02,AVERAGE LENGTH OF STAY,maui,7.9399190798658505
2026-02,AVERAGE LENGTH OF STAY,oahu,6.898534157134358
2026-02,PER PERSON PER DAY SPENDING ($),hawaii island,294.18949028129936
2026-02,PER PERSON PER DAY SPENDING ($),kauai,317.87273355910827
2026-02,PER PERSON PER DAY SPENDING ($),maui,322.4504831939671
2026-02,PER PERSON PER DAY SPENDING ($),oahu,244.88948935229624
2026-02,PER PERSON PER TRIP SPENDING ($),hawaii island,2188.5372880890272
2026-02,PER PERSON PER TRIP SPENDING ($),kauai,2239.792802209888
2026-02,PER PERSON PER TRIP SPENDING ($),maui,2560.2307438237417
2026-02,PER PERSON PER TRIP SPENDING ($),oahu,1689.3785070200063
2026-02,TOTAL EXPENDITURES ($ MILLION),hawaii island,332.98876645637955
2026-02,TOTAL EXPENDITURES ($ MILLION),kauai,253.13227421637163
2026-02,TOTAL EXPENDITURES ($ MILLION),maui,571.5134995609544
2026-02,TOTAL EXPENDITURES ($ MILLION),oahu,737.8455813515313
2026-02,TOTAL VISITOR DAYS,hawaii island,1131885.3237686395
2026-02,TOTAL VISITOR DAYS,kauai,796332.1401686119
2026-02,TOTAL VISITOR DAYS,maui,1772407.0185907143
2026-02,TOTAL VISITOR DAYS,oahu,3012973.6613157457
2026-02,VISITOR ARRIVALS,hawaii island,152151.28765164266
2026-02,VISITOR ARRIVALS,kauai,113015.93342322516
2026-02,VISITOR ARRIVALS,maui,223227.34032456414
2026-02,VISITOR ARRIVALS,oahu,436755.63426757476
